{"cameraMode":{"drawMode":0,"name":"Shaded","section":"Shading Mode"},"sceneLighting":false,"audioPlay":false,"sceneViewState":{"showFog":false,"showMaterialUpdate":false,"showSkybox":false,"showFlares":false,"showImageEffects":false,"showParticleSystems":false},"in2DMode":false,"pivot":{"x":-12.55832290649414,"y":475.3604431152344,"z":7.24668550491333},"rotation":{"x":0.1758621633052826,"y":-0.07648393511772156,"z":0.013626371510326863,"w":0.9813869595527649},"size":566.3176879882813,"orthographic":false}