{"cameraMode":{"drawMode":0,"name":"Shaded","section":"Shading Mode"},"sceneLighting":false,"audioPlay":false,"sceneViewState":{"showFog":false,"showMaterialUpdate":false,"showSkybox":false,"showFlares":false,"showImageEffects":false,"showParticleSystems":false},"in2DMode":false,"pivot":{"x":13.323521614074707,"y":-0.9201173186302185,"z":-160.51010131835938},"rotation":{"x":0.1758621633052826,"y":-0.07648393511772156,"z":0.013626371510326863,"w":0.9813869595527649},"size":25.86846160888672,"orthographic":false}